idx,rssi
0,20.0
1,24.0
2,24.0
3,24.0
4,22.0
5,23.0
6,25.0
7,26.0
8,22.0
9,23.0
10,25.0
11,22.0
12,26.0
13,24.0
14,27.0
15,23.0
16,27.0
17,24.0
18,24.0
19,27.0
20,25.0
21,25.0
22,24.0
23,27.0
24,23.0
25,26.0
26,22.0
27,27.0
28,21.0
29,26.0
30,30.0
31,23.0
32,25.0
33,25.0
34,26.0
35,26.0
36,26.0
37,26.0
38,28.0
39,24.0
40,23.0
41,28.0
42,26.0
43,20.0
44,28.0
45,30.0
46,26.0
47,25.0
48,25.0
49,20.0
50,29.0
51,24.0
52,32.0
53,28.0
54,28.0
55,29.0
56,27.0
57,29.0
58,30.0
59,27.0
60,30.0
61,29.0
62,24.0
63,26.0
64,30.0
65,28.0
66,26.0
67,28.0
68,27.0
69,25.0
70,31.0
71,27.0
72,26.0
73,28.0
74,33.0
75,29.0
76,25.0
77,26.0
78,30.0
79,30.0
80,29.0
81,32.0
82,28.0
83,33.0
84,30.0
85,29.0
86,28.0
87,31.0
88,32.0
89,30.0
90,30.0
91,30.0
92,30.0
93,33.0
94,29.0
95,31.0
96,30.0
97,34.0
98,38.0
99,32.0
100,33.0
101,30.0
102,32.0
103,31.0
104,34.0
105,34.0
106,30.0
107,28.0
108,32.0
109,29.0
110,30.0
111,29.0
112,33.0
113,34.0
114,30.0
115,29.0
116,31.0
117,29.0
118,31.0
119,32.0
120,37.0
121,35.0
122,33.0
123,34.0
124,34.0
125,32.0
126,35.0
127,34.0
128,32.0
129,33.0
130,35.0
131,34.0
132,32.0
133,34.0
134,36.0
135,32.0
136,40.0
137,40.0
138,34.0
139,34.0
140,35.0
141,35.0
142,37.0
143,32.0
144,34.0
145,39.0
146,38.0
147,31.0
148,34.0
149,36.0
150,36.0
151,31.0
152,38.0
153,35.0
154,36.0
155,38.0
156,36.0
157,38.0
158,38.0
159,34.0
160,39.0
161,36.0
162,35.0
163,34.0
164,35.0
165,38.0
166,38.0
167,40.0
168,36.0
169,39.0
170,36.0
171,37.0
172,35.0
173,41.0
174,35.0
175,33.0
176,38.0
177,41.0
178,40.0
179,39.0
180,39.0
181,38.0
182,35.0
183,40.0
184,36.0
185,39.0
186,36.0
187,37.0
188,35.0
189,35.0
190,34.0
191,35.0
192,33.0
193,40.0
194,36.0
195,36.0
196,39.0
197,39.0
198,39.0
199,40.0
200,41.0
201,40.0
202,39.0
203,39.0
204,38.0
205,40.0
206,40.0
207,42.0
208,38.0
209,42.0
210,38.0
211,42.0
212,42.0
213,44.0
214,36.0
215,42.0
216,43.0
217,39.0
218,40.0
219,41.0
220,39.0
221,43.0
222,38.0
223,44.0
224,44.0
225,42.0
226,41.0
227,37.0
228,42.0
229,35.0
230,45.0
231,40.0
232,46.0
233,45.0
234,41.0
235,46.0
236,42.0
237,44.0
238,45.0
239,45.0
240,41.0
241,37.0
242,45.0
243,44.0
244,43.0
245,41.0
246,45.0
247,43.0
248,42.0
249,42.0
250,43.0
251,42.0
252,42.0
253,43.0
254,45.0
255,42.0
256,44.0
257,43.0
258,41.0
259,42.0
260,44.0
261,43.0
262,46.0
263,45.0
264,45.0
265,45.0
266,45.0
267,44.0
268,45.0
269,42.0
270,43.0
271,43.0
272,46.0
273,49.0
274,39.0
275,47.0
276,44.0
277,48.0
278,44.0
279,43.0
280,43.0
281,44.0
282,45.0
283,46.0
284,48.0
285,42.0
286,40.0
287,43.0
288,47.0
289,46.0
290,46.0
291,44.0
292,46.0
293,47.0
294,46.0
295,44.0
296,46.0
297,48.0
298,44.0
299,49.0
300,46.0
301,47.0
302,48.0
303,45.0
304,43.0
305,46.0
306,47.0
307,39.0
308,45.0
309,50.0
310,46.0
311,50.0
312,45.0
313,50.0
314,46.0
315,47.0
316,41.0
317,45.0
318,47.0
319,45.0
320,47.0
321,47.0
322,47.0
323,48.0
324,47.0
325,44.0
326,48.0
327,47.0
328,47.0
329,46.0
330,52.0
331,44.0
332,45.0
333,47.0
334,47.0
335,49.0
336,45.0
337,48.0
338,47.0
339,47.0
340,50.0
341,47.0
342,47.0
343,51.0
344,47.0
345,49.0
346,46.0
347,49.0
348,55.0
349,48.0
350,46.0
351,46.0
352,51.0
353,46.0
354,48.0
355,46.0
356,45.0
357,50.0
358,50.0
359,48.0
360,48.0
361,45.0
362,47.0
363,48.0
364,51.0
365,50.0
366,48.0
367,49.0
368,44.0
369,51.0
370,53.0
371,49.0
372,49.0
373,47.0
374,49.0
375,53.0
376,47.0
377,52.0
378,50.0
379,49.0
380,52.0
381,48.0
382,52.0
383,47.0
384,53.0
385,49.0
386,50.0
387,47.0
388,50.0
389,50.0
390,49.0
391,50.0
392,46.0
393,51.0
394,50.0
395,52.0
396,54.0
397,48.0
398,49.0
399,50.0
400,44.0
401,53.0
402,52.0
403,50.0
404,49.0
405,45.0
406,50.0
407,52.0
408,50.0
409,52.0
410,51.0
411,51.0
412,49.0
413,50.0
414,48.0
415,55.0
416,53.0
417,53.0
418,49.0
419,52.0
420,55.0
421,52.0
422,51.0
423,51.0
424,54.0
425,51.0
426,50.0
427,51.0
428,51.0
429,48.0
430,53.0
431,50.0
432,51.0
433,49.0
434,60.0
435,50.0
436,47.0
437,50.0
438,53.0
439,54.0
440,55.0
441,48.0
442,56.0
443,47.0
444,47.0
445,51.0
446,54.0
447,54.0
448,55.0
449,51.0
450,50.0
451,53.0
452,54.0
453,53.0
454,57.0
455,41.0
456,53.0
457,53.0
458,50.0
459,54.0
460,50.0
461,53.0
462,53.0
463,53.0
464,52.0
465,52.0
466,49.0
467,54.0
468,51.0
469,54.0
470,51.0
471,52.0
472,62.0
473,50.0
474,53.0
475,49.0
476,47.0
477,50.0
478,57.0
479,54.0
480,56.0
481,52.0
482,53.0
483,49.0
484,50.0
485,55.0
486,55.0
487,59.0
488,52.0
489,55.0
490,50.0
491,52.0
492,58.0
493,54.0
494,53.0
495,52.0
496,53.0
497,49.0
498,54.0
499,53.0
500,56.0
501,54.0
502,53.0
503,54.0
504,59.0
505,53.0
506,52.0
507,52.0
508,52.0
509,58.0
510,50.0
511,53.0
512,53.0
513,53.0
514,54.0
515,51.0
516,51.0
517,60.0
518,50.0
519,51.0
520,53.0
521,51.0
522,52.0
523,53.0
524,54.0
525,55.0
526,55.0
527,59.0
528,54.0
529,56.0
530,55.0
531,62.0
532,55.0
533,59.0
534,54.0
535,54.0
536,54.0
537,55.0
538,59.0
539,55.0
540,55.0
541,58.0
542,58.0
543,54.0
544,57.0
545,58.0
546,56.0
547,59.0
548,56.0
549,59.0
550,60.0
551,55.0
552,62.0
553,59.0
554,59.0
555,58.0
556,57.0
557,56.0
558,59.0
559,63.0
560,57.0
561,60.0
562,57.0
563,56.0
564,60.0
565,60.0
566,59.0
567,61.0
568,59.0
569,61.0
570,59.0
571,58.0
572,58.0
573,55.0
574,55.0
575,60.0
576,57.0
577,57.0
578,59.0
579,60.0
580,52.0
581,62.0
582,58.0
583,60.0
584,63.0
585,59.0
586,56.0
587,70.0
588,64.0
589,65.0
590,66.0
591,63.0
592,66.0
593,60.0
594,56.0
595,65.0
596,63.0
597,59.0
598,62.0
599,62.0
600,65.0
601,61.0
602,63.0
603,57.0
604,59.0
605,60.0
606,58.0
607,62.0
608,62.0
609,63.0
610,64.0
611,58.0
612,63.0
613,66.0
614,62.0
615,63.0
616,67.0
617,58.0
618,57.0
619,62.0
620,60.0
621,67.0
622,66.0
623,59.0
624,56.0
625,62.0
626,67.0
627,60.0
628,65.0
629,60.0
630,65.0
631,61.0
632,60.0
633,65.0
634,61.0
635,64.0
636,62.0
637,64.0
638,64.0
639,68.0
640,64.0
641,65.0
642,66.0
643,65.0
644,65.0
645,66.0
646,63.0
647,63.0
648,67.0
649,69.0
650,65.0
651,67.0
652,62.0
653,62.0
654,67.0
655,68.0
656,68.0
657,68.0
658,66.0
659,66.0
660,66.0
661,65.0
662,63.0
663,68.0
664,66.0
665,67.0
666,67.0
667,71.0
668,68.0
669,63.0
670,63.0
671,66.0
672,69.0
673,68.0
674,66.0
675,64.0
676,69.0
677,64.0
678,66.0
679,65.0
680,66.0
681,66.0
682,68.0
683,65.0
684,63.0
685,64.0
686,68.0
687,66.0
688,63.0
689,67.0
690,67.0
691,63.0
692,71.0
693,67.0
694,71.0
695,66.0
696,67.0
697,62.0
698,68.0
699,63.0
700,67.0
701,70.0
702,67.0
703,69.0
704,71.0
705,67.0
706,67.0
707,69.0
708,62.0
709,72.0
710,67.0
711,75.0
712,72.0
713,67.0
714,69.0
715,72.0
716,65.0
717,66.0
718,71.0
719,68.0
720,71.0
721,71.0
722,66.0
723,70.0
724,72.0
725,69.0
726,71.0
727,67.0
728,67.0
729,69.0
730,68.0
731,69.0
732,70.0
733,71.0
734,70.0
735,67.0
736,70.0
737,71.0
738,71.0
739,66.0
740,71.0
741,68.0
742,67.0
743,68.0
744,70.0
745,71.0
746,74.0
747,73.0
748,69.0
749,72.0
750,76.0
751,77.0
752,73.0
753,74.0
754,72.0
755,72.0
756,74.0
757,71.0
758,71.0
759,68.0
760,70.0
761,71.0
762,71.0
763,69.0
764,73.0
765,78.0
766,82.0
767,75.0
768,75.0
769,77.0
770,78.0
771,77.0
772,77.0
773,87.0
774,76.0
775,79.0
776,76.0
777,76.0
778,73.0
779,74.0
780,78.0
781,73.0
782,72.0
783,76.0
784,74.0
785,77.0
786,74.0
787,70.0
788,71.0
789,75.0
790,73.0
791,75.0
792,74.0
793,71.0
794,75.0
795,74.0
796,78.0
797,70.0
798,73.0
799,73.0
800,71.0
801,73.0
802,73.0
803,76.0
804,71.0
805,72.0
806,69.0
807,75.0
808,72.0
809,69.0
810,78.0
811,71.0
812,69.0
813,77.0
814,76.0
815,74.0
816,76.0
817,75.0
818,76.0
819,80.0
820,76.0
821,76.0
822,79.0
823,74.0
824,79.0
825,77.0
826,79.0
827,72.0
828,78.0
829,74.0
830,78.0
831,80.0
832,76.0
833,74.0
834,77.0
835,79.0
836,78.0
837,77.0
838,80.0
839,80.0
840,76.0
841,76.0
842,71.0
843,77.0
844,80.0
845,77.0
846,78.0
847,79.0
848,77.0
849,79.0
850,80.0
851,80.0
852,75.0
853,80.0
854,74.0
855,77.0
856,80.0
857,79.0
858,74.0
859,81.0
860,82.0
861,74.0
862,83.0
863,76.0
864,83.0
865,75.0
866,79.0
867,75.0
868,77.0
869,79.0
870,83.0
871,77.0
872,83.0
873,83.0
874,79.0
875,83.0
876,77.0
877,84.0
878,81.0
879,83.0
880,80.0
881,85.0
882,86.0
883,82.0
884,82.0
885,83.0
886,81.0
887,73.0
888,80.0
889,84.0
890,85.0
891,82.0
892,85.0
893,87.0
894,80.0
895,79.0
896,80.0
897,84.0
898,87.0
899,83.0
900,81.0
901,82.0
902,83.0
903,88.0
904,85.0
905,82.0
906,85.0
907,82.0
908,86.0
909,85.0
910,88.0
911,86.0
912,85.0
913,84.0
914,86.0
915,84.0
916,84.0
917,85.0
918,86.0
919,87.0
920,84.0
921,83.0
922,84.0
923,81.0
924,82.0
925,85.0
926,85.0
927,83.0
928,85.0
929,86.0
930,88.0
931,82.0
932,88.0
933,89.0
934,84.0
935,87.0
936,88.0
937,87.0
938,89.0
939,86.0
940,83.0
941,93.0
942,91.0
943,87.0
944,84.0
945,83.0
946,92.0
947,84.0
948,93.0
949,92.0
950,91.0
951,88.0
952,90.0
953,91.0
954,83.0
955,89.0
956,87.0
957,88.0
958,85.0
959,90.0
960,86.0
961,85.0
962,86.0
963,89.0
964,90.0
965,83.0
966,87.0
967,84.0
968,90.0
969,85.0
970,82.0
971,86.0
972,87.0
973,85.0
974,87.0
975,88.0
976,90.0
977,85.0
978,85.0
979,88.0
980,89.0
981,83.0
982,89.0
983,87.0
984,86.0
985,85.0
986,88.0
987,86.0
988,92.0
989,92.0
990,89.0
991,91.0
992,92.0
993,84.0
994,93.0
995,87.0
996,90.0
997,88.0
998,89.0
999,88.0
1000,89.0
1001,92.0
1002,92.0
1003,87.0
1004,91.0
1005,88.0
1006,90.0
1007,91.0
1008,90.0
1009,86.0
1010,89.0
1011,88.0
1012,88.0
1013,88.0
1014,92.0
1015,90.0
1016,89.0
1017,90.0
1018,92.0
1019,92.0
1020,93.0
1021,90.0
1022,89.0
1023,90.0
1024,94.0
1025,91.0
1026,96.0
1027,93.0
1028,96.0
1029,93.0
1030,95.0
1031,94.0
1032,99.0
1033,95.0
1034,92.0
1035,94.0
1036,96.0
1037,94.0
1038,98.0
1039,97.0
1040,94.0
1041,94.0
1042,95.0
1043,95.0
1044,94.0
1045,100.0
1046,91.0
1047,92.0
1048,95.0
1049,89.0
1050,90.0
1051,94.0
1052,82.0
1053,93.0
1054,96.0
1055,91.0
1056,92.0
1057,91.0
1058,94.0
1059,88.0
1060,93.0
1061,96.0
1062,91.0
1063,92.0
1064,86.0
1065,86.0
1066,91.0
1067,90.0
1068,90.0
1069,90.0
1070,85.0
1071,94.0
1072,95.0
1073,92.0
1074,92.0
1075,90.0
1076,90.0
1077,99.0
1078,94.0
1079,95.0
1080,97.0
1081,94.0
1082,89.0
1083,90.0
1084,91.0
1085,94.0
1086,92.0
1087,95.0
1088,92.0
1089,86.0
1090,89.0
1091,96.0
1092,93.0
1093,94.0
1094,93.0
1095,96.0
1096,94.0
1097,93.0
1098,90.0
1099,92.0
1100,95.0
1101,92.0
1102,96.0
1103,92.0
1104,93.0
1105,92.0
1106,89.0
1107,91.0
1108,91.0
1109,95.0
1110,95.0
1111,99.0
1112,90.0
1113,94.0
1114,94.0
1115,95.0
1116,97.0
1117,96.0
1118,95.0
1119,93.0
1120,93.0
1121,92.0
1122,96.0
1123,99.0
1124,97.0
1125,98.0
1126,96.0
1127,97.0
1128,94.0
1129,92.0
1130,93.0
1131,99.0
1132,97.0
1133,93.0
1134,101.0
1135,98.0
1136,92.0
1137,98.0
1138,97.0
1139,96.0
1140,100.0
1141,99.0
1142,95.0
1143,104.0
1144,96.0
1145,96.0
1146,95.0
1147,93.0
1148,96.0
1149,99.0
1150,99.0
1151,98.0
1152,94.0
1153,96.0
1154,98.0
1155,94.0
1156,98.0
1157,97.0
1158,95.0
1159,96.0
1160,99.0
1161,94.0
1162,93.0
1163,99.0
1164,94.0
1165,94.0
1166,92.0
1167,92.0
1168,101.0
1169,92.0
1170,94.0
1171,91.0
1172,91.0
1173,95.0
1174,93.0
1175,93.0
1176,96.0
1177,90.0
1178,88.0
1179,96.0
1180,93.0
1181,94.0
1182,94.0
1183,94.0
1184,93.0
1185,88.0
1186,91.0
1187,95.0
1188,101.0
1189,93.0
1190,93.0
1191,95.0
1192,95.0
1193,104.0
1194,91.0
1195,94.0
1196,97.0
1197,94.0
1198,97.0
1199,93.0
1200,98.0
1201,102.0
1202,99.0
1203,97.0
1204,96.0
1205,97.0
1206,95.0
1207,96.0
1208,98.0
1209,85.0
1210,103.0
1211,95.0
1212,95.0
1213,96.0
1214,95.0
1215,98.0
1216,96.0
1217,102.0
1218,96.0
1219,100.0
1220,103.0
1221,101.0
1222,93.0
1223,97.0
1224,104.0
1225,99.0
1226,98.0
1227,94.0
1228,100.0
1229,90.0
1230,94.0
1231,103.0
1232,97.0
1233,103.0
1234,106.0
1235,100.0
1236,105.0
1237,93.0
1238,95.0
1239,99.0
1240,96.0
1241,98.0
1242,101.0
1243,102.0
1244,101.0
1245,104.0
1246,100.0
1247,99.0
1248,100.0
1249,95.0
1250,103.0
1251,100.0
1252,102.0
1253,106.0
1254,105.0
1255,104.0
1256,102.0
1257,102.0
1258,104.0
1259,101.0
1260,104.0
1261,97.0
1262,95.0
1263,104.0
1264,103.0
1265,106.0
1266,102.0
1267,101.0
1268,106.0
1269,103.0
1270,104.0
1271,103.0
1272,103.0
1273,102.0
1274,102.0
1275,104.0
1276,101.0
1277,100.0
1278,104.0
1279,107.0
1280,105.0
1281,105.0
1282,102.0
1283,105.0
1284,102.0
1285,106.0
1286,106.0
1287,102.0
1288,104.0
1289,108.0
1290,103.0
1291,98.0
1292,103.0
1293,101.0
1294,106.0
1295,103.0
1296,108.0
1297,100.0
1298,104.0
1299,100.0
1300,104.0
1301,106.0
1302,103.0
1303,105.0
1304,108.0
1305,107.0
1306,106.0
1307,105.0
1308,103.0
1309,102.0
1310,100.0
1311,107.0
1312,110.0
1313,106.0
1314,103.0
1315,103.0
1316,106.0
1317,113.0
1318,110.0
1319,105.0
1320,100.0
1321,111.0
1322,110.0
1323,113.0
1324,104.0
1325,105.0
1326,108.0
1327,109.0
1328,108.0
1329,106.0
1330,104.0
1331,108.0
1332,105.0
1333,110.0
1334,107.0
1335,106.0
1336,110.0
1337,109.0
1338,109.0
1339,107.0
1340,109.0
1341,105.0
1342,111.0
1343,107.0
1344,106.0
1345,107.0
1346,110.0
1347,106.0
1348,109.0
1349,108.0
1350,107.0
1351,107.0
1352,101.0
1353,106.0
1354,112.0
1355,107.0
1356,107.0
1357,107.0
1358,107.0
1359,105.0
1360,106.0
1361,102.0
1362,104.0
1363,106.0
1364,106.0
1365,108.0
1366,108.0
1367,109.0
1368,108.0
1369,107.0
1370,106.0
1371,104.0
1372,104.0
1373,106.0
1374,111.0
1375,108.0
1376,106.0
1377,109.0
1378,110.0
1379,105.0
1380,105.0
1381,110.0
1382,107.0
1383,110.0
1384,105.0
1385,106.0
1386,110.0
1387,111.0
1388,104.0
1389,107.0
1390,108.0
1391,108.0
1392,105.0
1393,108.0
1394,109.0
1395,108.0
1396,110.0
1397,107.0
1398,113.0
1399,109.0
1400,110.0
1401,107.0
1402,111.0
1403,107.0
1404,110.0
1405,107.0
1406,111.0
1407,104.0
1408,108.0
1409,107.0
1410,110.0
1411,107.0
1412,109.0
1413,106.0
1414,105.0
1415,120.0
1416,109.0
1417,107.0
1418,108.0
1419,109.0
1420,106.0
1421,113.0
1422,106.0
1423,111.0
1424,108.0
1425,107.0
1426,110.0
1427,109.0
1428,103.0
1429,113.0
1430,113.0
1431,107.0
1432,103.0
1433,109.0
1434,105.0
1435,110.0
1436,110.0
1437,112.0
1438,110.0
1439,105.0
1440,107.0
1441,108.0
1442,111.0
1443,107.0
1444,107.0
1445,110.0
1446,105.0
1447,112.0
1448,111.0
1449,108.0
1450,105.0
1451,105.0
1452,104.0
1453,110.0
1454,112.0
1455,112.0
1456,108.0
1457,107.0
1458,106.0
1459,108.0
1460,107.0
1461,114.0
1462,104.0
1463,107.0
1464,102.0
1465,104.0
1466,108.0
1467,108.0
1468,107.0
1469,111.0
1470,104.0
1471,103.0
1472,104.0
1473,104.0
1474,100.0
1475,101.0
1476,101.0
1477,109.0
1478,103.0
1479,99.0
1480,101.0
1481,101.0
1482,96.0
1483,98.0
1484,103.0
1485,101.0
1486,101.0
1487,104.0
1488,104.0
1489,102.0
1490,104.0
1491,105.0
1492,99.0
1493,109.0
1494,105.0
1495,108.0
1496,104.0
1497,102.0
1498,100.0
1499,102.0
1500,101.0
1501,107.0
1502,111.0
1503,111.0
1504,101.0
1505,106.0
1506,99.0
1507,106.0
1508,106.0
1509,109.0
1510,108.0
1511,108.0
1512,112.0
1513,110.0
1514,102.0
1515,111.0
1516,106.0
1517,101.0
1518,109.0
1519,109.0
1520,105.0
1521,111.0
1522,109.0
1523,109.0
1524,107.0
1525,107.0
1526,111.0
1527,117.0
1528,109.0
1529,108.0
1530,113.0
1531,107.0
1532,114.0
1533,107.0
1534,108.0
1535,115.0
1536,108.0
1537,109.0
1538,113.0
1539,106.0
1540,111.0
1541,110.0
1542,113.0
1543,116.0
1544,113.0
1545,113.0
1546,119.0
1547,115.0
1548,120.0
1549,112.0
1550,113.0
1551,115.0
1552,112.0
1553,118.0
1554,116.0
1555,117.0
1556,118.0
1557,114.0
1558,117.0
1559,118.0
1560,115.0
1561,115.0
1562,112.0
1563,117.0
1564,111.0
1565,119.0
1566,120.0
1567,109.0
1568,120.0
1569,118.0
1570,119.0
1571,121.0
1572,117.0
1573,116.0
1574,120.0
1575,118.0
1576,122.0
1577,119.0
1578,122.0
1579,117.0
1580,117.0
1581,119.0
1582,118.0
1583,120.0
1584,119.0
1585,114.0
1586,113.0
1587,117.0
1588,121.0
1589,118.0
1590,117.0
1591,118.0
1592,112.0
1593,113.0
1594,118.0
1595,117.0
1596,112.0
1597,122.0
1598,116.0
1599,115.0
1600,117.0
1601,114.0
1602,114.0
1603,118.0
1604,109.0
1605,120.0
1606,120.0
1607,113.0
1608,116.0
1609,114.0
1610,115.0
1611,117.0
1612,110.0
1613,114.0
1614,121.0
1615,118.0
1616,118.0
1617,118.0
1618,118.0
1619,115.0
1620,116.0
1621,118.0
1622,118.0
1623,117.0
1624,116.0
1625,117.0
1626,117.0
1627,111.0
1628,114.0
1629,121.0
1630,117.0
1631,119.0
1632,122.0
1633,116.0
1634,122.0
1635,114.0
1636,124.0
1637,123.0
1638,124.0
1639,122.0
1640,127.0
1641,121.0
1642,122.0
1643,120.0
1644,122.0
1645,124.0
1646,128.0
1647,125.0
1648,127.0
1649,128.0
1650,120.0
1651,131.0
1652,127.0
1653,130.0
1654,125.0
1655,130.0
1656,130.0
1657,128.0
1658,125.0
1659,127.0
1660,120.0
1661,131.0
1662,128.0
1663,130.0
1664,130.0
1665,126.0
1666,130.0
1667,124.0
1668,124.0
1669,130.0
1670,124.0
1671,129.0
1672,122.0
1673,128.0
1674,126.0
1675,130.0
1676,123.0
1677,130.0
1678,125.0
1679,130.0
1680,122.0
1681,128.0
1682,124.0
1683,123.0
1684,127.0
1685,123.0
1686,123.0
1687,125.0
1688,122.0
1689,119.0
1690,123.0
1691,123.0
1692,121.0
1693,123.0
1694,122.0
1695,122.0
1696,124.0
1697,126.0
1698,124.0
1699,123.0
1700,124.0
1701,118.0
1702,126.0
1703,122.0
1704,119.0
1705,126.0
1706,124.0
1707,123.0
1708,118.0
1709,115.0
1710,128.0
1711,124.0
1712,120.0
1713,120.0
1714,123.0
1715,126.0
1716,128.0
1717,128.0
1718,128.0
1719,121.0
1720,124.0
1721,124.0
1722,123.0
1723,130.0
1724,130.0
1725,131.0
1726,127.0
1727,129.0
1728,129.0
1729,128.0
1730,127.0
1731,130.0
1732,128.0
1733,127.0
1734,127.0
1735,129.0
1736,130.0
1737,131.0
1738,129.0
1739,124.0
1740,127.0
1741,127.0
1742,127.0
1743,126.0
1744,122.0
1745,128.0
1746,127.0
1747,125.0
1748,123.0
1749,126.0
1750,125.0
1751,122.0
1752,123.0
1753,128.0
1754,123.0
1755,125.0
1756,129.0
1757,124.0
1758,125.0
1759,125.0
1760,120.0
1761,121.0
1762,128.0
1763,126.0
1764,123.0
1765,120.0
1766,128.0
1767,121.0
1768,120.0
1769,123.0
1770,116.0
1771,117.0
1772,123.0
1773,120.0
1774,120.0
1775,119.0
1776,122.0
1777,116.0
1778,116.0
1779,124.0
1780,116.0
1781,118.0
1782,120.0
1783,118.0
1784,121.0
1785,119.0
1786,117.0
1787,118.0
1788,125.0
1789,120.0
1790,116.0
1791,116.0
1792,121.0
1793,116.0
1794,116.0
1795,116.0
1796,115.0
1797,115.0
1798,116.0
1799,109.0
1800,115.0
1801,115.0
1802,119.0
1803,113.0
1804,123.0
1805,115.0
1806,113.0
1807,112.0
1808,111.0
1809,118.0
1810,114.0
1811,120.0
1812,113.0
1813,112.0
1814,119.0
1815,119.0
1816,109.0
1817,112.0
1818,114.0
1819,110.0
1820,114.0
1821,115.0
1822,116.0
1823,121.0
1824,115.0
1825,111.0
1826,116.0
1827,120.0
1828,118.0
1829,111.0
1830,118.0
1831,119.0
1832,125.0
1833,122.0
1834,118.0
1835,124.0
1836,123.0
1837,120.0
1838,126.0
1839,121.0
1840,125.0
1841,123.0
1842,123.0
1843,128.0
1844,124.0
1845,124.0
1846,128.0
1847,128.0
1848,128.0
1849,125.0
1850,123.0
1851,121.0
1852,127.0
1853,128.0
1854,127.0
1855,125.0
1856,123.0
1857,124.0
1858,129.0
1859,126.0
1860,133.0
1861,128.0
1862,129.0
1863,127.0
1864,126.0
1865,128.0
1866,127.0
1867,123.0
1868,127.0
1869,130.0
1870,125.0
1871,121.0
1872,133.0
1873,125.0
1874,121.0
1875,120.0
1876,130.0
1877,129.0
1878,125.0
1879,133.0
1880,132.0
1881,130.0
1882,129.0
1883,127.0
1884,130.0
1885,132.0
1886,130.0
1887,128.0
1888,129.0
1889,129.0
1890,127.0
1891,128.0
1892,120.0
1893,126.0
1894,123.0
1895,130.0
1896,130.0
1897,121.0
1898,120.0
1899,123.0
1900,126.0
1901,130.0
1902,125.0
1903,123.0
1904,132.0
1905,129.0
1906,126.0
1907,126.0
1908,123.0
1909,130.0
1910,127.0
1911,123.0
1912,121.0
1913,125.0
1914,128.0
1915,121.0
1916,128.0
1917,127.0
1918,127.0
1919,125.0
1920,124.0
1921,124.0
1922,123.0
1923,124.0
1924,122.0
1925,128.0
1926,129.0
1927,126.0
1928,129.0
1929,123.0
1930,129.0
1931,128.0
1932,128.0
1933,124.0
1934,129.0
1935,128.0
1936,128.0
1937,129.0
1938,126.0
1939,132.0
1940,130.0
1941,124.0
1942,130.0
1943,129.0
1944,130.0
1945,130.0
1946,127.0
1947,130.0
1948,120.0
1949,128.0
1950,132.0
1951,130.0
1952,133.0
1953,130.0
1954,129.0
1955,132.0
1956,123.0
1957,133.0
1958,130.0
1959,128.0
1960,132.0
1961,126.0
1962,133.0
1963,127.0
1964,130.0
1965,130.0
1966,128.0
1967,128.0
1968,130.0
1969,127.0
1970,132.0
1971,126.0
1972,129.0
1973,125.0
1974,127.0
1975,126.0
1976,130.0
1977,125.0
1978,130.0
1979,128.0
1980,129.0
1981,126.0
1982,133.0
1983,130.0
1984,127.0
1985,132.0
1986,125.0
1987,129.0
1988,130.0
1989,121.0
1990,121.0
1991,133.0
1992,128.0
1993,130.0
1994,125.0
1995,125.0
1996,129.0
1997,122.0
1998,127.0
1999,124.0
2000,129.0
2001,119.0
2002,121.0
2003,127.0
2004,126.0
2005,133.0
2006,125.0
2007,133.0
2008,127.0
2009,125.0
2010,130.0
2011,126.0
2012,127.0
2013,130.0
2014,130.0
2015,126.0
2016,129.0
2017,130.0
2018,130.0
2019,129.0
2020,132.0
2021,130.0
2022,124.0
2023,128.0
2024,129.0
2025,127.0
2026,127.0
2027,131.0
2028,122.0
2029,126.0
2030,123.0
2031,127.0
2032,121.0
2033,129.0
2034,121.0
2035,124.0
2036,114.0
2037,125.0
2038,122.0
2039,116.0
2040,117.0
2041,117.0
2042,115.0
2043,119.0
2044,116.0
2045,115.0
2046,115.0
2047,118.0
2048,114.0
2049,117.0
2050,116.0
2051,113.0
2052,112.0
2053,117.0
2054,115.0
2055,125.0
2056,113.0
2057,113.0
2058,122.0
2059,122.0
2060,119.0
2061,116.0
2062,119.0
2063,110.0
2064,119.0
2065,118.0
2066,119.0
2067,122.0
2068,116.0
2069,118.0
2070,123.0
2071,118.0
2072,125.0
2073,117.0
2074,117.0
2075,117.0
2076,125.0
2077,122.0
2078,125.0
2079,129.0
2080,124.0
2081,121.0
2082,122.0
2083,124.0
2084,120.0
2085,111.0
2086,120.0
2087,114.0
2088,120.0
2089,116.0
2090,121.0
2091,122.0
2092,122.0
2093,117.0
2094,124.0
2095,120.0
2096,117.0
2097,119.0
2098,118.0
2099,115.0
2100,118.0
2101,117.0
2102,121.0
2103,116.0
2104,116.0
2105,118.0
2106,120.0
2107,122.0
2108,121.0
2109,117.0
2110,122.0
2111,121.0
2112,122.0
2113,119.0
2114,128.0
2115,115.0
2116,112.0
2117,118.0
2118,123.0
2119,123.0
2120,121.0
2121,121.0
2122,116.0
2123,124.0
2124,115.0
2125,122.0
2126,117.0
2127,117.0
2128,121.0
2129,124.0
2130,118.0
2131,117.0
2132,119.0
2133,120.0
2134,120.0
2135,120.0
2136,123.0
2137,114.0
2138,121.0
2139,118.0
2140,116.0
2141,120.0
2142,124.0
2143,116.0
2144,114.0
2145,125.0
2146,123.0
2147,117.0
2148,116.0
2149,114.0
2150,116.0
2151,123.0
2152,112.0
2153,122.0
2154,117.0
2155,118.0
2156,113.0
2157,119.0
2158,119.0
2159,117.0
2160,119.0
2161,110.0
2162,116.0
2163,125.0
2164,115.0
2165,120.0
2166,122.0
2167,124.0
2168,116.0
2169,115.0
2170,117.0
2171,114.0
2172,122.0
2173,118.0
2174,119.0
2175,111.0
2176,114.0
2177,118.0
2178,120.0
2179,116.0
2180,117.0
2181,114.0
2182,116.0
2183,114.0
2184,112.0
2185,121.0
2186,107.0
2187,114.0
2188,116.0
2189,115.0
2190,118.0
2191,113.0
2192,117.0
2193,114.0
2194,113.0
2195,117.0
2196,116.0
2197,121.0
2198,114.0
2199,121.0
2200,123.0
2201,119.0
2202,120.0
2203,121.0
2204,113.0
2205,123.0
2206,125.0
2207,120.0
2208,121.0
2209,113.0
2210,121.0
2211,118.0
2212,119.0
2213,115.0
2214,124.0
2215,121.0
2216,124.0
2217,120.0
2218,118.0
2219,120.0
2220,114.0
2221,123.0
2222,119.0
2223,112.0
2224,119.0
2225,124.0
2226,116.0
2227,113.0
2228,113.0
2229,117.0
2230,123.0
2231,112.0
2232,119.0
2233,116.0
2234,115.0
2235,116.0
2236,122.0
2237,118.0
2238,117.0
2239,115.0
2240,119.0
2241,117.0
2242,121.0
2243,113.0
2244,118.0
2245,122.0
2246,118.0
2247,115.0
2248,118.0
2249,117.0
2250,116.0
2251,116.0
2252,113.0
2253,110.0
2254,108.0
2255,109.0
2256,112.0
2257,112.0
2258,114.0
2259,115.0
2260,119.0
2261,113.0
2262,112.0
2263,110.0
2264,113.0
2265,110.0
2266,112.0
2267,108.0
2268,112.0
2269,107.0
2270,116.0
2271,110.0
2272,108.0
2273,109.0
2274,110.0
2275,107.0
2276,110.0
2277,106.0
2278,109.0
2279,111.0
2280,107.0
2281,110.0
2282,106.0
2283,109.0
2284,111.0
2285,112.0
2286,108.0
2287,111.0
2288,107.0
2289,104.0
2290,114.0
2291,110.0
2292,105.0
2293,106.0
2294,101.0
2295,97.0
2296,106.0
2297,104.0
2298,100.0
2299,100.0
2300,105.0
2301,107.0
2302,106.0
2303,103.0
2304,107.0
2305,105.0
2306,101.0
2307,104.0
2308,106.0
2309,100.0
2310,102.0
2311,104.0
2312,106.0
2313,105.0
2314,110.0
2315,108.0
2316,102.0
2317,104.0
2318,110.0
2319,106.0
2320,111.0
2321,111.0
2322,108.0
2323,111.0
2324,111.0
2325,110.0
2326,102.0
2327,110.0
2328,106.0
2329,110.0
2330,110.0
2331,110.0
2332,115.0
2333,108.0
2334,112.0
2335,114.0
2336,119.0
2337,117.0
2338,112.0
2339,114.0
2340,114.0
2341,114.0
2342,116.0
2343,114.0
2344,116.0
2345,112.0
2346,120.0
2347,111.0
2348,117.0
2349,118.0
2350,118.0
2351,113.0
2352,118.0
2353,112.0
2354,114.0
2355,116.0
2356,117.0
2357,118.0
2358,120.0
2359,109.0
2360,117.0
2361,114.0
2362,113.0
2363,119.0
2364,117.0
2365,116.0
2366,113.0
2367,117.0
2368,116.0
2369,117.0
2370,119.0
2371,110.0
2372,115.0
2373,116.0
2374,116.0
2375,115.0
2376,115.0
2377,122.0
2378,119.0
2379,114.0
2380,113.0
2381,111.0
2382,114.0
2383,113.0
2384,113.0
2385,114.0
2386,112.0
2387,115.0
2388,114.0
2389,107.0
2390,117.0
2391,111.0
2392,107.0
2393,112.0
2394,105.0
2395,116.0
2396,113.0
2397,111.0
2398,111.0
2399,112.0
2400,116.0
2401,111.0
2402,111.0
2403,116.0
2404,112.0
2405,111.0
2406,111.0
2407,111.0
2408,109.0
2409,117.0
2410,113.0
2411,111.0
2412,112.0
2413,115.0
2414,104.0
2415,108.0
2416,115.0
2417,114.0
2418,113.0
2419,114.0
2420,110.0
2421,115.0
2422,109.0
2423,110.0
2424,111.0
2425,110.0
2426,110.0
2427,115.0
2428,111.0
2429,114.0
2430,113.0
2431,110.0
2432,108.0
2433,108.0
2434,110.0
2435,107.0
2436,107.0
2437,112.0
2438,108.0
2439,112.0
2440,115.0
2441,108.0
2442,110.0
2443,110.0
2444,101.0
2445,109.0
2446,110.0
2447,110.0
2448,107.0
2449,107.0
2450,107.0
2451,111.0
2452,105.0
2453,107.0
2454,101.0
2455,105.0
2456,105.0
2457,106.0
2458,106.0
2459,106.0
2460,104.0
2461,107.0
2462,111.0
2463,112.0
2464,110.0
2465,107.0
2466,106.0
2467,110.0
2468,110.0
2469,111.0
2470,108.0
2471,108.0
2472,111.0
2473,110.0
2474,114.0
2475,112.0
2476,108.0
2477,108.0
2478,104.0
2479,113.0
2480,110.0
2481,111.0
2482,113.0
2483,110.0
2484,105.0
2485,112.0
2486,111.0
2487,113.0
2488,106.0
2489,108.0
2490,107.0
2491,102.0
2492,110.0
2493,106.0
2494,102.0
2495,110.0
2496,110.0
2497,106.0
2498,107.0
2499,102.0
2500,105.0
2501,108.0
2502,109.0
2503,110.0
2504,111.0
2505,107.0
2506,107.0
2507,110.0
2508,110.0
2509,109.0
2510,107.0
2511,107.0
2512,108.0
2513,111.0
2514,106.0
2515,110.0
2516,114.0
2517,110.0
2518,111.0
2519,112.0
2520,111.0
2521,106.0
2522,108.0
2523,104.0
2524,113.0
2525,113.0
2526,111.0
2527,112.0
2528,116.0
2529,110.0
2530,109.0
2531,116.0
2532,111.0
2533,110.0
2534,110.0
2535,105.0
2536,106.0
2537,105.0
2538,112.0
2539,113.0
2540,107.0
2541,110.0
2542,106.0
2543,110.0
2544,109.0
2545,106.0
2546,102.0
2547,109.0
2548,104.0
2549,110.0
2550,110.0
2551,109.0
2552,105.0
2553,107.0
2554,106.0
2555,108.0
2556,104.0
2557,109.0
2558,105.0
2559,111.0
2560,102.0
2561,108.0
2562,105.0
2563,105.0
2564,110.0
2565,110.0
2566,106.0
2567,109.0
2568,107.0
2569,107.0
2570,109.0
2571,108.0
2572,102.0
2573,107.0
2574,111.0
2575,110.0
2576,107.0
2577,112.0
2578,110.0
2579,107.0
2580,96.0
2581,110.0
2582,106.0
2583,111.0
2584,108.0
2585,111.0
2586,109.0
2587,107.0
2588,106.0
2589,107.0
2590,113.0
2591,114.0
2592,103.0
2593,106.0
2594,105.0
2595,98.0
2596,111.0
2597,109.0
2598,108.0
2599,105.0
2600,108.0
2601,110.0
2602,111.0
2603,111.0
2604,110.0
2605,112.0
2606,109.0
2607,109.0
2608,111.0
2609,112.0
2610,116.0
2611,111.0
2612,114.0
2613,107.0
2614,110.0
2615,107.0
2616,110.0
2617,114.0
2618,112.0
2619,115.0
2620,114.0
2621,111.0
2622,104.0
2623,106.0
2624,105.0
2625,107.0
2626,104.0
2627,107.0
2628,108.0
2629,105.0
2630,106.0
2631,109.0
2632,105.0
2633,109.0
2634,106.0
2635,108.0
2636,105.0
2637,108.0
2638,109.0
2639,107.0
2640,109.0
2641,102.0
2642,108.0
2643,102.0
2644,107.0
2645,103.0
2646,107.0
2647,108.0
2648,105.0
2649,107.0
2650,104.0
2651,103.0
2652,101.0
2653,105.0
2654,102.0
2655,109.0
2656,104.0
2657,103.0
2658,106.0
2659,104.0
2660,109.0
2661,108.0
2662,100.0
2663,106.0
2664,103.0
2665,109.0
2666,102.0
2667,107.0
2668,104.0
2669,102.0
2670,105.0
2671,98.0
2672,103.0
2673,103.0
2674,101.0
2675,101.0
2676,101.0
2677,102.0
2678,99.0
2679,94.0
2680,95.0
2681,99.0
2682,102.0
2683,92.0
2684,100.0
2685,100.0
2686,100.0
2687,100.0
2688,101.0
2689,98.0
2690,99.0
2691,92.0
2692,93.0
2693,95.0
2694,99.0
2695,99.0
2696,101.0
2697,95.0
2698,103.0
2699,97.0
2700,101.0
2701,99.0
2702,100.0
2703,99.0
2704,105.0
2705,102.0
2706,95.0
2707,99.0
2708,100.0
2709,95.0
2710,102.0
2711,99.0
2712,99.0
2713,97.0
2714,98.0
2715,101.0
2716,99.0
2717,98.0
2718,98.0
2719,92.0
2720,100.0
2721,98.0
2722,104.0
2723,98.0
2724,105.0
2725,97.0
2726,95.0
2727,103.0
2728,104.0
2729,99.0
2730,104.0
2731,101.0
2732,97.0
2733,98.0
2734,101.0
2735,98.0
2736,97.0
2737,101.0
2738,94.0
2739,101.0
2740,104.0
2741,108.0
2742,102.0
2743,102.0
2744,102.0
2745,105.0
2746,105.0
2747,101.0
2748,101.0
2749,96.0
2750,103.0
2751,103.0
2752,100.0
2753,101.0
2754,102.0
2755,103.0
2756,104.0
2757,106.0
2758,108.0
2759,110.0
2760,107.0
2761,100.0
2762,99.0
2763,106.0
2764,113.0
2765,106.0
2766,108.0
2767,100.0
2768,104.0
2769,104.0
2770,99.0
2771,103.0
2772,101.0
2773,101.0
2774,101.0
2775,108.0
2776,109.0
2777,109.0
2778,103.0
2779,110.0
2780,107.0
2781,108.0
2782,105.0
2783,103.0
2784,106.0
2785,106.0
2786,102.0
2787,107.0
2788,103.0
2789,99.0
2790,103.0
2791,105.0
2792,102.0
2793,98.0
2794,102.0
2795,99.0
2796,97.0
2797,104.0
2798,108.0
2799,102.0
2800,105.0
2801,97.0
2802,98.0
2803,102.0
2804,100.0
2805,95.0
2806,101.0
2807,101.0
2808,101.0
2809,97.0
2810,96.0
2811,101.0
2812,98.0
2813,93.0
2814,102.0
2815,95.0
2816,98.0
2817,100.0
2818,103.0
2819,99.0
2820,99.0
2821,99.0
2822,96.0
2823,104.0
2824,101.0
2825,101.0
2826,101.0
2827,102.0
2828,103.0
2829,99.0
2830,101.0
2831,98.0
2832,106.0
2833,97.0
2834,103.0
2835,106.0
2836,101.0
2837,102.0
2838,97.0
2839,93.0
2840,98.0
2841,100.0
2842,97.0
2843,102.0
2844,98.0
2845,93.0
2846,94.0
2847,98.0
2848,99.0
2849,100.0
2850,96.0
2851,94.0
2852,96.0
2853,102.0
2854,102.0
2855,99.0
2856,99.0
2857,98.0
2858,97.0
2859,101.0
2860,98.0
2861,93.0
2862,92.0
2863,100.0
2864,95.0
2865,93.0
2866,101.0
2867,101.0
2868,97.0
2869,96.0
2870,98.0
2871,102.0
2872,100.0
2873,99.0
2874,97.0
2875,98.0
2876,100.0
2877,93.0
2878,97.0
2879,98.0
2880,99.0
2881,94.0
2882,95.0
2883,98.0
2884,100.0
2885,102.0
2886,99.0
2887,91.0
2888,94.0
2889,101.0
2890,94.0
2891,96.0
2892,96.0
2893,91.0
2894,98.0
2895,99.0
2896,99.0
2897,92.0
2898,96.0
2899,96.0
2900,100.0
2901,93.0
2902,96.0
2903,95.0
2904,92.0
2905,92.0
2906,97.0
2907,95.0
2908,97.0
2909,97.0
2910,95.0
2911,98.0
2912,92.0
2913,95.0
2914,94.0
2915,90.0
2916,96.0
2917,97.0
2918,91.0
2919,96.0
2920,95.0
2921,91.0
2922,92.0
2923,89.0
2924,92.0
2925,92.0
2926,95.0
2927,92.0
2928,96.0
2929,85.0
2930,93.0
2931,92.0
2932,90.0
2933,92.0
2934,92.0
2935,91.0
2936,91.0
2937,94.0
2938,95.0
2939,92.0
2940,88.0
2941,93.0
2942,92.0
2943,88.0
2944,91.0
2945,95.0
2946,90.0
2947,90.0
2948,98.0
2949,92.0
2950,90.0
2951,92.0
2952,95.0
2953,90.0
2954,96.0
2955,95.0
2956,93.0
2957,93.0
2958,97.0
2959,91.0
2960,95.0
2961,93.0
2962,94.0
2963,93.0
2964,96.0
2965,91.0
2966,91.0
2967,94.0
2968,92.0
2969,92.0
2970,91.0
2971,92.0
2972,92.0
2973,93.0
2974,90.0
2975,96.0
2976,90.0
2977,87.0
2978,91.0
2979,90.0
2980,91.0
2981,91.0
2982,91.0
2983,92.0
2984,97.0
2985,91.0
2986,93.0
2987,88.0
2988,87.0
2989,86.0
2990,81.0
2991,91.0
2992,84.0
2993,87.0
2994,91.0
2995,87.0
2996,84.0
2997,86.0
2998,89.0
2999,86.0
3000,86.0
3001,86.0
3002,84.0
3003,89.0
3004,91.0
3005,87.0
3006,88.0
3007,85.0
3008,86.0
3009,85.0
3010,84.0
3011,90.0
3012,88.0
3013,87.0
3014,88.0
3015,84.0
3016,91.0
3017,86.0
3018,89.0
3019,85.0
3020,85.0
3021,82.0
3022,90.0
3023,88.0
3024,87.0
3025,85.0
3026,88.0
3027,88.0
3028,88.0
3029,87.0
3030,87.0
3031,85.0
3032,83.0
3033,89.0
3034,89.0
3035,86.0
3036,89.0
3037,87.0
3038,89.0
3039,85.0
3040,83.0
3041,91.0
3042,79.0
3043,84.0
3044,89.0
3045,88.0
3046,87.0
3047,88.0
3048,89.0
3049,85.0
3050,89.0
3051,81.0
3052,86.0
3053,80.0
3054,87.0
3055,82.0
3056,85.0
3057,85.0
3058,86.0
3059,84.0
3060,87.0
3061,80.0
3062,81.0
3063,89.0
3064,84.0
3065,88.0
3066,81.0
3067,86.0
3068,89.0
3069,82.0
3070,84.0
3071,84.0
3072,80.0
3073,81.0
3074,84.0
3075,84.0
3076,83.0
3077,82.0
3078,82.0
3079,82.0
3080,84.0
3081,89.0
3082,83.0
3083,86.0
3084,80.0
3085,85.0
3086,80.0
3087,78.0
3088,78.0
3089,86.0
3090,82.0
3091,84.0
3092,78.0
3093,79.0
3094,82.0
3095,78.0
3096,82.0
3097,80.0
3098,82.0
3099,77.0
3100,76.0
3101,77.0
3102,77.0
3103,79.0
3104,88.0
3105,77.0
3106,79.0
3107,79.0
3108,80.0
3109,82.0
3110,79.0
3111,82.0
3112,80.0
3113,82.0
3114,80.0
3115,75.0
3116,76.0
3117,79.0
3118,79.0
3119,81.0
3120,80.0
3121,76.0
3122,80.0
3123,80.0
3124,84.0
3125,82.0
3126,80.0
3127,78.0
3128,81.0
3129,77.0
3130,83.0
3131,80.0
3132,77.0
3133,82.0
3134,70.0
3135,76.0
3136,80.0
3137,85.0
3138,82.0
3139,80.0
3140,77.0
3141,82.0
3142,83.0
3143,77.0
3144,79.0
3145,80.0
3146,74.0
3147,81.0
3148,87.0
3149,83.0
3150,78.0
3151,80.0
3152,75.0
3153,80.0
3154,78.0
3155,80.0
3156,72.0
3157,78.0
3158,77.0
3159,78.0
3160,79.0
3161,79.0
3162,77.0
3163,73.0
3164,72.0
3165,80.0
3166,73.0
3167,72.0
3168,77.0
3169,75.0
3170,81.0
3171,74.0
3172,78.0
3173,73.0
3174,76.0
3175,72.0
3176,77.0
3177,76.0
3178,79.0
3179,77.0
3180,76.0
3181,77.0
3182,79.0
3183,79.0
3184,76.0
3185,79.0
3186,70.0
3187,76.0
3188,79.0
3189,79.0
3190,78.0
3191,79.0
3192,77.0
3193,76.0
3194,78.0
3195,78.0
3196,74.0
3197,71.0
3198,77.0
3199,73.0
3200,78.0
3201,79.0
3202,76.0
3203,75.0
3204,79.0
3205,80.0
3206,79.0
3207,78.0
3208,77.0
3209,78.0
3210,79.0
3211,81.0
3212,73.0
3213,75.0
3214,78.0
3215,77.0
3216,73.0
3217,76.0
3218,79.0
3219,75.0
3220,77.0
3221,75.0
3222,74.0
3223,77.0
3224,75.0
3225,71.0
3226,77.0
3227,76.0
3228,74.0
3229,80.0
3230,77.0
3231,73.0
3232,75.0
3233,71.0
3234,70.0
3235,70.0
3236,73.0
3237,73.0
3238,72.0
3239,75.0
3240,78.0
3241,72.0
3242,74.0
3243,77.0
3244,74.0
3245,68.0
3246,76.0
3247,73.0
3248,75.0
3249,74.0
3250,72.0
3251,68.0
3252,73.0
3253,75.0
3254,67.0
3255,76.0
3256,70.0
3257,74.0
3258,70.0
3259,72.0
3260,74.0
3261,72.0
3262,74.0
3263,72.0
3264,72.0
3265,71.0
3266,71.0
3267,73.0
3268,78.0
3269,73.0
3270,75.0
3271,72.0
3272,73.0
3273,71.0
3274,77.0
3275,75.0
3276,73.0
3277,76.0
3278,70.0
3279,72.0
3280,69.0
3281,71.0
3282,70.0
3283,71.0
3284,73.0
3285,68.0
3286,77.0
3287,67.0
3288,73.0
3289,71.0
3290,70.0
3291,67.0
3292,70.0
3293,72.0
3294,70.0
3295,70.0
3296,68.0
3297,65.0
3298,70.0
3299,70.0
3300,71.0
3301,71.0
3302,67.0
3303,66.0
3304,71.0
3305,68.0
3306,69.0
3307,69.0
3308,70.0
3309,65.0
3310,69.0
3311,74.0
3312,68.0
3313,70.0
3314,72.0
3315,68.0
3316,69.0
3317,65.0
3318,66.0
3319,72.0
3320,69.0
3321,73.0
3322,67.0
3323,68.0
3324,69.0
3325,68.0
3326,71.0
3327,67.0
3328,68.0
3329,66.0
3330,70.0
3331,67.0
3332,66.0
3333,70.0
3334,72.0
3335,71.0
3336,67.0
3337,69.0
3338,67.0
3339,70.0
3340,69.0
3341,69.0
3342,65.0
3343,66.0
3344,66.0
3345,68.0
3346,70.0
3347,71.0
3348,69.0
3349,67.0
3350,64.0
3351,65.0
3352,67.0
3353,70.0
3354,68.0
3355,66.0
3356,66.0
3357,63.0
3358,63.0
3359,66.0
3360,66.0
3361,63.0
3362,64.0
3363,66.0
3364,64.0
3365,62.0
3366,61.0
3367,65.0
3368,59.0
3369,64.0
3370,72.0
3371,65.0
3372,67.0
3373,65.0
3374,66.0
3375,67.0
3376,67.0
3377,66.0
3378,64.0
3379,68.0
3380,72.0
3381,65.0
3382,64.0
3383,70.0
3384,67.0
3385,62.0
3386,68.0
3387,68.0
3388,63.0
3389,65.0
3390,65.0
3391,69.0
3392,67.0
3393,62.0
3394,65.0
3395,65.0
3396,63.0
3397,66.0
3398,59.0
3399,64.0
3400,66.0
3401,68.0
3402,66.0
3403,67.0
3404,69.0
3405,66.0
3406,67.0
3407,68.0
3408,66.0
3409,69.0
3410,64.0
3411,64.0
3412,65.0
3413,60.0
3414,63.0
3415,73.0
3416,62.0
3417,63.0
3418,64.0
3419,64.0
3420,64.0
3421,65.0
3422,62.0
3423,65.0
3424,62.0
3425,66.0
3426,62.0
3427,64.0
3428,62.0
3429,60.0
3430,62.0
3431,62.0
3432,62.0
3433,63.0
3434,66.0
3435,61.0
3436,63.0
3437,60.0
3438,65.0
3439,59.0
3440,59.0
3441,62.0
3442,59.0
3443,58.0
3444,63.0
3445,63.0
3446,66.0
3447,65.0
3448,64.0
3449,63.0
3450,63.0
3451,61.0
3452,63.0
3453,62.0
3454,63.0
3455,61.0
3456,60.0
3457,65.0
3458,60.0
3459,61.0
3460,64.0
3461,63.0
3462,61.0
3463,57.0
3464,58.0
3465,60.0
3466,61.0
3467,60.0
3468,61.0
3469,61.0
3470,59.0
3471,58.0
3472,61.0
3473,61.0
3474,61.0
3475,60.0
3476,59.0
3477,61.0
3478,58.0
3479,63.0
3480,57.0
3481,60.0
3482,62.0
3483,61.0
3484,60.0
3485,59.0
3486,60.0
3487,61.0
3488,59.0
3489,66.0
3490,63.0
3491,61.0
3492,63.0
3493,63.0
3494,59.0
3495,61.0
3496,58.0
3497,52.0
3498,60.0
3499,62.0
3500,59.0
3501,63.0
3502,56.0
3503,60.0
3504,58.0
3505,60.0
3506,63.0
3507,58.0
3508,61.0
3509,63.0
3510,63.0
3511,55.0
3512,57.0
3513,59.0
3514,58.0
3515,59.0
3516,61.0
3517,59.0
3518,61.0
3519,61.0
3520,56.0
3521,58.0
3522,60.0
3523,60.0
3524,60.0
3525,57.0
3526,57.0
3527,57.0
3528,59.0
3529,59.0
3530,58.0
3531,54.0
3532,52.0
3533,53.0
3534,55.0
3535,56.0
3536,60.0
3537,55.0
3538,60.0
3539,58.0
3540,54.0
3541,56.0
3542,54.0
3543,54.0
3544,55.0
3545,53.0
3546,56.0
3547,55.0
3548,59.0
3549,58.0
3550,54.0
3551,55.0
3552,57.0
3553,56.0
3554,58.0
3555,60.0
3556,58.0
3557,59.0
3558,53.0
3559,55.0
3560,61.0
3561,58.0
3562,60.0
3563,56.0
3564,56.0
3565,59.0
3566,52.0
3567,57.0
3568,57.0
3569,56.0
3570,60.0
3571,54.0
3572,55.0
3573,51.0
3574,55.0
3575,60.0
3576,53.0
3577,57.0
3578,54.0
3579,54.0
3580,51.0
3581,57.0
3582,49.0
3583,51.0
3584,50.0
3585,54.0
3586,53.0
3587,52.0
3588,53.0
3589,56.0
3590,56.0
3591,51.0
3592,54.0
3593,55.0
3594,52.0
3595,53.0
3596,55.0
3597,56.0
3598,52.0
3599,56.0
3600,54.0
3601,54.0
3602,52.0
3603,50.0
3604,53.0
3605,53.0
3606,56.0
3607,50.0
3608,53.0
3609,56.0
3610,56.0
3611,56.0
3612,56.0
3613,56.0
3614,57.0
3615,55.0
3616,59.0
3617,58.0
3618,50.0
3619,54.0
3620,58.0
3621,53.0
3622,51.0
3623,56.0
3624,53.0
3625,55.0
3626,57.0
3627,53.0
3628,54.0
3629,54.0
3630,56.0
3631,56.0
3632,52.0
3633,48.0
3634,55.0
3635,51.0
3636,58.0
3637,52.0
3638,49.0
3639,54.0
3640,53.0
3641,57.0
3642,49.0
3643,53.0
3644,50.0
3645,53.0
3646,48.0
3647,54.0
3648,48.0
3649,53.0
3650,51.0
3651,51.0
3652,49.0
3653,49.0
3654,52.0
3655,53.0
3656,52.0
3657,51.0
3658,54.0
3659,52.0
3660,53.0
3661,48.0
3662,55.0
3663,53.0
3664,53.0
3665,54.0
3666,54.0
3667,52.0
3668,55.0
3669,53.0
3670,53.0
3671,49.0
3672,48.0
3673,50.0
3674,50.0
3675,49.0
3676,42.0
3677,51.0
3678,47.0
3679,48.0
3680,46.0
3681,51.0
3682,50.0
3683,43.0
3684,48.0
3685,47.0
3686,50.0
3687,48.0
3688,46.0
3689,48.0
3690,45.0
3691,47.0
3692,52.0
3693,46.0
3694,49.0
3695,45.0
3696,49.0
3697,51.0
3698,48.0
3699,44.0
3700,44.0
3701,45.0
3702,44.0
3703,48.0
3704,44.0
3705,43.0
3706,48.0
3707,47.0
3708,51.0
3709,47.0
3710,40.0
3711,48.0
3712,50.0
3713,48.0
3714,51.0
3715,48.0
3716,47.0
3717,44.0
3718,46.0
3719,46.0
3720,43.0
3721,47.0
3722,46.0
3723,43.0
3724,48.0
3725,45.0
3726,46.0
3727,45.0
3728,47.0
3729,44.0
3730,48.0
3731,43.0
3732,44.0
3733,45.0
3734,46.0
3735,42.0
3736,48.0
3737,40.0
3738,41.0
3739,48.0
3740,39.0
3741,43.0
3742,42.0
3743,40.0
3744,47.0
3745,43.0
3746,43.0
3747,43.0
3748,42.0
3749,41.0
3750,48.0
3751,43.0
3752,41.0
3753,38.0
3754,39.0
3755,42.0
3756,38.0
3757,40.0
3758,37.0
3759,42.0
3760,42.0
3761,42.0
3762,41.0
3763,43.0
3764,41.0
3765,43.0
3766,42.0
3767,50.0
3768,39.0
3769,43.0
3770,42.0
3771,45.0
3772,39.0
3773,47.0
3774,41.0
3775,44.0
3776,38.0
3777,42.0
3778,41.0
3779,40.0
3780,41.0
3781,40.0
3782,45.0
3783,40.0
3784,39.0
3785,40.0
3786,42.0
3787,37.0
3788,37.0
3789,40.0
3790,38.0
3791,36.0
3792,34.0
3793,38.0
3794,37.0
3795,38.0
3796,38.0
3797,41.0
3798,37.0
3799,38.0
3800,36.0
3801,44.0
3802,39.0
3803,37.0
3804,37.0
3805,39.0
3806,41.0
3807,34.0
3808,36.0
3809,34.0
3810,37.0
3811,37.0
3812,38.0
3813,35.0
3814,36.0
3815,34.0
3816,34.0
3817,37.0
3818,34.0
3819,37.0
3820,36.0
3821,35.0
3822,36.0
3823,34.0
3824,38.0
3825,34.0
3826,35.0
3827,38.0
3828,39.0
3829,32.0
3830,31.0
3831,35.0
3832,35.0
3833,34.0
3834,32.0
3835,37.0
3836,33.0
3837,37.0
3838,35.0
3839,35.0
3840,32.0
3841,34.0
3842,34.0
3843,34.0
3844,35.0
3845,33.0
3846,34.0
3847,34.0
3848,33.0
3849,32.0
3850,33.0
3851,37.0
3852,35.0
3853,32.0
3854,36.0
3855,33.0
3856,33.0
3857,33.0
3858,32.0
3859,35.0
3860,29.0
3861,37.0
3862,32.0
3863,34.0
3864,36.0
3865,33.0
3866,32.0
3867,32.0
3868,34.0
3869,36.0
3870,30.0
3871,28.0
3872,34.0
3873,26.0
3874,33.0
3875,24.0
3876,30.0
3877,30.0
3878,30.0
3879,34.0
3880,31.0
3881,31.0
3882,30.0
3883,32.0
3884,29.0
3885,27.0
3886,30.0
3887,30.0
3888,28.0
3889,28.0
3890,29.0
3891,34.0
3892,30.0
3893,29.0
3894,31.0
3895,35.0
3896,30.0
3897,31.0
3898,28.0
3899,35.0
3900,28.0
3901,30.0
3902,31.0
3903,32.0
3904,31.0
3905,31.0
3906,28.0
3907,29.0
3908,31.0
3909,26.0
3910,32.0
3911,30.0
3912,28.0
3913,30.0
3914,29.0
3915,28.0
3916,28.0
3917,28.0
3918,24.0
3919,26.0
3920,24.0
3921,31.0
3922,30.0
3923,25.0
3924,30.0
3925,25.0
3926,29.0
3927,24.0
3928,30.0
3929,28.0
3930,25.0
3931,27.0
3932,25.0
3933,28.0
3934,26.0
3935,24.0
3936,25.0
3937,26.0
3938,27.0
3939,26.0
3940,26.0
3941,23.0
3942,25.0
3943,26.0
3944,28.0
3945,25.0
3946,24.0
3947,26.0
3948,22.0
3949,23.0
3950,26.0
3951,26.0
3952,23.0
3953,22.0
3954,29.0
3955,24.0
3956,24.0
3957,25.0
3958,23.0
3959,24.0
3960,24.0
3961,25.0
3962,27.0
3963,18.0
3964,23.0
3965,24.0
3966,20.0
3967,24.0
3968,23.0
3969,27.0
3970,22.0
3971,25.0
3972,27.0
3973,24.0
3974,22.0
3975,19.0
3976,22.0
3977,21.0
3978,20.0
3979,22.0
3980,23.0
3981,23.0
3982,21.0
3983,22.0
3984,21.0
3985,20.0
3986,18.0
3987,22.0
3988,19.0
3989,20.0
3990,20.0
3991,24.0
3992,19.0
3993,23.0
3994,21.0
3995,21.0
3996,24.0
3997,20.0
3998,19.0
3999,20.0
